{
    "f1-score": {
        "restaurant_search": 0.546646517163839
    },
    "fc_error": {
        "restaurant_search": 0.0013869625520110957
    },
    "precision": {
        "restaurant_search": 0.9354838709677419
    },
    "prevalence": {
        "restaurant_search": 0.9993220338983051
    },
    "recall": {
        "restaurant_search": 0.3865570051049348
    },
    "specificity": {
        "restaurant_search": 0.9878112033195021
    },
    "tc_error": {
        "restaurant_search": 0.031914893617021274
    }
}