{
    "f1-score": {
        "restaurant_search": 0.550565105566609
    },
    "fc_error": {
        "restaurant_search": 0.0014258555133079848
    },
    "precision": {
        "restaurant_search": 0.9244897959183673
    },
    "prevalence": {
        "restaurant_search": 0.9993220338983051
    },
    "recall": {
        "restaurant_search": 0.39243430551544906
    },
    "specificity": {
        "restaurant_search": 0.9860342224458983
    },
    "tc_error": {
        "restaurant_search": 0.02702702702702703
    }
}